{
    "list" : [
        {
            "label" : "United Kingdom",
            "value" : "UK",
            "selected" : false
        },
        {
            "label" : "Germany",
            "value" : "DE",
            "selected" : false
        },
        {
            "label" : "France",
            "value" : "FR",
            "selected" : false
        },
        {
            "label" : "Spain",
            "value" : "ES",
            "selected" : false
        },
        {
            "label" : "USA",
            "value" : "US",
            "selected" : true
        }
    ]
}
