{
	"selectFacet" : true,
	"displayList" : true,
	"facet" : {
		"available" : true,
		"label" : "Brands",
		"key" : "brands",
		"multiSelect" : true,				
		"limitedOptions" : [
			{
				"label" : "Adidas",
				"value" : "adidas",
				"count" : "123",
				"selected" : true
			},
			{
				"label" : "Nike",
				"value" : "nike",
				"count" : "123",
				"selected" : false
			},
			{
				"label" : "Rebook",
				"value" : "rebook",
				"count" : "123",
				"selected" : false
			},
			{
				"label" : "Asics",
				"value" : "asics",
				"count" : "123",
				"selected" : true
			},
			{
				"label" : "New Balance",
				"value" : "new-balance",
				"count" : "123",
				"selected" : false
			},
			{
				"label" : "Puma",
				"value" : "puma",
				"count" : "123",
				"selected" : false
			},
			{
				"label" : "Converse",
				"value" : "converse",
				"count" : "123",
				"selected" : true
			},
			{
				"label" : "Timberland",
				"value" : "timberland",
				"count" : "123",
				"selected" : false
			}						
		]
	}
}