{
    "popular" : [
        {
            "text" : "Snan"
        },
        {
            "text" : "Shaun Leane"
        },
        {
            "text" : "Show Beauty"
        },
        {
            "text" : "Saloni"
        },
        {
            "text" : "Snan"
        },
        {
            "text" : "Shaun Leane"
        },
        {
            "text" : "Show Beauty"
        },
        {
            "text" : "Saloni"
        },
        {
            "text" : "Snan"
        },
        {
            "text" : "Shaun Leane"
        },
        {
            "text" : "Show Beauty"
        },
        {
            "text" : "Saloni"
        },
        {
            "text" : "Snan"
        },
        {
            "text" : "Shaun Leane"
        },
        {
            "text" : "Show Beauty"
        },
        {
            "text" : "Saloni"
        }
    ]
}
