{
    "features" : [
        {
            "name" : "color",
            "value" : "red"
        },
        {
            "name" : "size",
            "value" : "M"
        },
        {
            "name" : "material",
            "value" : "Wool"
        }
    ],
    "list" : [
        {
            "text" : "Minions ipsum hahaha jiji jeje potatoooo hahaha chasy hahaha me want bananaaa!"
        },
        {
            "text" : "Minions ipsum hahaha jiji jeje potatoooo hahaha chasy hahaha me want bananaaa!"
        },
        {
            "text" : "Minions ipsum hahaha jiji jeje potatoooo hahaha chasy hahaha me want bananaaa!"
        }
    ]
}