{
	"header" : { "$ref" : "common/header.json" },
	"footer" : { "$ref" : "common/footer.json" },
	"content" : {
        "contentTitle" : "Returns / Exchange",
		"orderNumberTitle" : "Order Number",
		"receivedTitle" : "Received On",
		"refundTotalTitle" : "Refund Total",
		"order" : [
			{
				"orderNumber" : "1234567889952",
				"receivedOn" : "08.05.15",
				"total" : "100.00 €",
				"refundTotal" : "50,00 €",
				"view" : "View"
			},
            {
				"orderNumber" : "1234567889952",
				"receivedOn" : "08.05.15",
				"total" : "100.00 €",
				"refundTotal" : "50,00 €",
				"view" : "View"
			},
            {
				"orderNumber" : "1234567889952",
				"receivedOn" : "08.05.15",
				"total" : "100.00 €",
				"refundTotal" : "50,00 €",
				"view" : "View"
			},
            {
				"orderNumber" : "1234567889952",
				"receivedOn" : "08.05.15",
				"total" : "100.00 €",
				"refundTotal" : "50,00 €",
				"view" : "View"
			},
            {
				"orderNumber" : "1234567889952",
				"receivedOn" : "08.05.15",
				"total" : "100.00 €",
				"refundTotal" : "50,00 €",
				"view" : "View"
			}
		]
	},
    "meta" : { "$ref" : "common/meta.json" }
}
