{
	"header" : { "$ref" : "common/header.json" },
	"footer" : { "$ref" : "common/footer.json" },
	"content" : {
        "contentTitle" : "Returns / Exchange",
		"yourOrderTitle" : "Your Order Details",
		"orderNumberTitle" : "Order number:",
		"orderDateTitle" : "Order date:",
		"orderNumber" : "01445678",
		"orderDate" : "Nov 14, 2015",
		"printReceiptBtn" : "Print Receipt",
		"shippingAddress" : {
			"title" : "Shipping Address",
			"name" : "Mr. Bruce Wayne",
			"address" : "100 Gotham Street",
			"city" : "Gotham City",
			"region" : "Region",
			"postCode" : "123456",
			"country" : "Country",
			"number" : "Phone: +49 123 4567890",
			"email" : "Email: bruce.wayne@commercetools.com"
		},
		"billingAddress" : {
			"title" : "Shipping Address",
			"name" : "Mr. Bruce Wayne",
			"address" : "100 Gotham Street",
			"city" : "Gotham City",
			"region" : "Region",
			"postCode" : "123456",
			"country" : "Country",
			"number" : "Phone: +49 123 4567890",
			"email" : "Email: bruce.wayne@commercetools.com"
		},
		"shippingMethod" : {
			"title" : "Shipping Method",
			"text" : "HL Standart - Delivery 3-5 Days"
		},
		"paymentDetails" : {
			"title" : "Payment Details",
			"payment" : "Credit Card",
			"name" : "Bruce Wayne",
			"type" : "Visa",
			"number" : "**** **** **** **99",
			"date" : "09.18"
		},
		"promoCode" : "Sunny Sale",
		"orderDiscountTitle" : "Order Discount",
		"standartDeliveryTitle" : "Start Delivery",
		"subtotal" : "150,00 €",
		"orderDiscount" : "0,00 €",
		"standartDelivery" : "10,00 €",
		"salesTaxTitle" : "Sales Tax",
		"orderTotalTitle" : "Order Total",
		"salesTax" : "0,00 €",
		"orderTotal" : "160,00 €",
        "receivedOnTitle" : "Received On",
        "refundTotalTitle" : "Refund Total",
        "receivedOn" : "Nov 20, 2015",
        "refundTotal" : "50,00 €",
		"productDescriptionTitle" : "Product Description",
		"order" : [
			{
				"image" : "../../assets/img/blue-shirt.jpg",
				"productTitleOne" : "Enditatem Product name",
				"productTitleTwo" : "Optional Line Two",
				"sku" : "Sunrise SUN#123456",
				"color" : "Navy Blue",
				"size" : "XXL",
				"available" : "Immediately available",
				"quantity" : 1,
				"discountedPrice" : "100,00 €",
				"price" : "75,00 €",
				"totalPrice" : "75,00 €"
			},
			{
				"image" : "../../assets/img/blue-shirt.jpg",
				"productTitleOne" : "Enditatem Product name",
				"productTitleTwo" : "Optional Line Two",
				"sku" : "Sunrise SUN#123456",
				"color" : "Navy Blue",
				"size" : "XXL",
				"available" : "Immediately available",
				"quantity" : 1,
                "discountedPrice" : "100,00 €",
				"price" : "75,00 €",
				"totalPrice" : "75,00 €"
			}
		]
	},
    "meta" : { "$ref" : "common/meta.json" }
}
